	int	float	string	+	-	*	%	and	or	not	?	:	^	~	=	==	!=	>	>=	<	<=	def	ID	(	)	{	}	main	void	,	NL	STRING_LITERAL	INTEGER_LITERAL	FLOAT_LITERAL	if	else	elif	while		for	return	break	continue	call	$	E	PROGRAM	DATA_TYPE	INT	FLOAT	STRING	OPERATOR	FUNCTIONS	FUNCTION	MAIN	PARAMETERS	STATEMENTS	STATEMENT	DECLARATION	ID_LIST	ASSIGNMENT	DECLARATION_ASSIGNMENT	EXPRESSION	EXPRESSION_LIST	LITERAL	CONDITIONAL	ELIF	LOOP	RETURN	BREAK	CONTINUE	FUNCTION_CALL	LINS
0	 	 	 	 	 	 	 	 	 	 	 	 	 	 	 	 	 	 	 	 	 	s5	 	 	 	 	 	 	 	 	 	 	 	 	 	 	 	 	 	 	 	 	 	 	 	 	1	 	 	 	 	 	2	4	3	 	 	 	 	 	 	 	 	 	 	 	 	 	 	 	 	 	 
1	 	 	 	 	 	 	 	 	 	 	 	 	 	 	 	 	 	 	 	 	 	 	 	 	 	 	 	 	 	 	 	 	 	 	 	 	 	 	 	 	 	 	 	 	acc	 	 	 	 	 	 	 	 	 	 	 	 	 	 	 	 	 	 	 	 	 	 	 	 	 	 	 	 
2	 	 	 	 	 	 	 	 	 	 	 	 	 	 	 	 	 	 	 	 	 	s5	 	 	 	 	 	 	 	 	 	 	 	 	 	 	 	 	 	 	 	 	 	 	r2	 	 	 	 	 	 	 	 	7	6	 	 	 	 	 	 	 	 	 	 	 	 	 	 	 	 	 	 
3	 	 	 	 	 	 	 	 	 	 	 	 	 	 	 	 	 	 	 	 	 	 	 	 	 	 	 	 	 	 	 	 	 	 	 	 	 	 	 	 	 	 	 	 	r3	 	 	 	 	 	 	 	 	 	 	 	 	 	 	 	 	 	 	 	 	 	 	 	 	 	 	 	 
4	 	 	 	 	 	 	 	 	 	 	 	 	 	 	 	 	 	 	 	 	 	r29	 	 	 	 	 	 	 	 	 	 	 	 	 	 	 	 	 	 	 	 	 	 	r29	 	 	 	 	 	 	 	 	 	 	 	 	 	 	 	 	 	 	 	 	 	 	 	 	 	 	 	 
5	 	 	 	 	 	 	 	 	 	 	 	 	 	 	 	 	 	 	 	 	 	 	s9	 	 	 	 	s8	 	 	 	 	 	 	 	 	 	 	 	 	 	 	 	 	 	 	 	 	 	 	 	 	 	 	 	 	 	 	 	 	 	 	 	 	 	 	 	 	 	 	 	 	 
6	 	 	 	 	 	 	 	 	 	 	 	 	 	 	 	 	 	 	 	 	 	 	 	 	 	 	 	 	 	 	 	 	 	 	 	 	 	 	 	 	 	 	 	 	r1	 	 	 	 	 	 	 	 	 	 	 	 	 	 	 	 	 	 	 	 	 	 	 	 	 	 	 	 
7	 	 	 	 	 	 	 	 	 	 	 	 	 	 	 	 	 	 	 	 	 	r28	 	 	 	 	 	 	 	 	 	 	 	 	 	 	 	 	 	 	 	 	 	 	r28	 	 	 	 	 	 	 	 	 	 	 	 	 	 	 	 	 	 	 	 	 	 	 	 	 	 	 	 
8	 	 	 	 	 	 	 	 	 	 	 	 	 	 	 	 	 	 	 	 	 	 	 	s10	 	 	 	 	 	 	 	 	 	 	 	 	 	 	 	 	 	 	 	 	 	 	 	 	 	 	 	 	 	 	 	 	 	 	 	 	 	 	 	 	 	 	 	 	 	 	 	 	 
9	 	 	 	 	 	 	 	 	 	 	 	 	 	 	 	 	 	 	 	 	 	 	 	s11	 	 	 	 	 	 	 	 	 	 	 	 	 	 	 	 	 	 	 	 	 	 	 	 	 	 	 	 	 	 	 	 	 	 	 	 	 	 	 	 	 	 	 	 	 	 	 	 	 
10	 	 	 	 	 	 	 	 	 	 	 	 	 	 	 	 	 	 	 	 	 	 	 	 	s12	 	 	 	 	 	 	 	 	 	 	 	 	 	 	 	 	 	 	 	 	 	 	 	 	 	 	 	 	 	 	 	 	 	 	 	 	 	 	 	 	 	 	 	 	 	 	 	 
11	s19	s20	s21	 	 	 	 	 	 	 	 	 	 	 	 	 	 	 	 	 	 	 	 	 	s14	 	 	 	 	 	 	 	 	 	 	 	 	 	 	 	 	 	 	 	 	 	 	15	16	17	18	 	 	 	 	13	 	 	 	 	 	 	 	 	 	 	 	 	 	 	 	 	 
12	 	 	 	 	 	 	 	 	 	 	 	s22	 	 	 	 	 	 	 	 	 	 	 	 	 	 	 	 	 	 	 	 	 	 	 	 	 	 	 	 	 	 	 	 	 	 	 	 	 	 	 	 	 	 	 	 	 	 	 	 	 	 	 	 	 	 	 	 	 	 	 	 	 
13	 	 	 	 	 	 	 	 	 	 	 	 	 	 	 	 	 	 	 	 	 	 	 	 	s23	 	 	 	 	 	 	 	 	 	 	 	 	 	 	 	 	 	 	 	 	 	 	 	 	 	 	 	 	 	 	 	 	 	 	 	 	 	 	 	 	 	 	 	 	 	 	 	 
14	 	 	 	 	 	 	 	 	 	 	 	s24	 	 	 	 	 	 	 	 	 	 	 	 	 	 	 	 	 	 	 	 	 	 	 	 	 	 	 	 	 	 	 	 	 	 	 	 	 	 	 	 	 	 	 	 	 	 	 	 	 	 	 	 	 	 	 	 	 	 	 	 	 
15	 	 	 	 	 	 	 	 	 	 	 	 	 	 	 	 	 	 	 	 	 	 	s25	 	 	 	 	 	 	 	 	 	 	 	 	 	 	 	 	 	 	 	 	 	 	 	 	 	 	 	 	 	 	 	 	 	 	 	 	 	 	 	 	 	 	 	 	 	 	 	 	 	 
16	 	 	 	 	 	 	 	 	 	 	 	 	 	 	 	 	 	 	 	 	 	 	r4	 	 	 	 	 	 	 	r4	 	 	 	 	 	 	 	r4	 	 	 	 	 	 	 	 	 	 	 	 	 	 	 	 	 	 	 	 	 	 	 	 	 	 	 	 	 	 	 	 	 	 
17	 	 	 	 	 	 	 	 	 	 	 	 	 	 	 	 	 	 	 	 	 	 	r5	 	 	 	 	 	 	 	r5	 	 	 	 	 	 	 	r5	 	 	 	 	 	 	 	 	 	 	 	 	 	 	 	 	 	 	 	 	 	 	 	 	 	 	 	 	 	 	 	 	 	 
18	 	 	 	 	 	 	 	 	 	 	 	 	 	 	 	 	 	 	 	 	 	 	r6	 	 	 	 	 	 	 	r6	 	 	 	 	 	 	 	r6	 	 	 	 	 	 	 	 	 	 	 	 	 	 	 	 	 	 	 	 	 	 	 	 	 	 	 	 	 	 	 	 	 	 
19	 	 	 	 	 	 	 	 	 	 	 	 	 	 	 	 	 	 	 	 	 	 	r7	 	 	 	 	 	 	 	r7	 	 	 	 	 	 	 	r7	 	 	 	 	 	 	 	 	 	 	 	 	 	 	 	 	 	 	 	 	 	 	 	 	 	 	 	 	 	 	 	 	 	 
20	 	 	 	 	 	 	 	 	 	 	 	 	 	 	 	 	 	 	 	 	 	 	r8	 	 	 	 	 	 	 	r8	 	 	 	 	 	 	 	r8	 	 	 	 	 	 	 	 	 	 	 	 	 	 	 	 	 	 	 	 	 	 	 	 	 	 	 	 	 	 	 	 	 	 
21	 	 	 	 	 	 	 	 	 	 	 	 	 	 	 	 	 	 	 	 	 	 	r9	 	 	 	 	 	 	 	r9	 	 	 	 	 	 	 	r9	 	 	 	 	 	 	 	 	 	 	 	 	 	 	 	 	 	 	 	 	 	 	 	 	 	 	 	 	 	 	 	 	 	 
22	 	 	 	 	 	 	 	 	 	 	 	 	 	 	 	 	 	 	 	 	 	 	 	 	 	 	 	 	s26	 	 	 	 	 	 	 	 	 	 	 	 	 	 	 	 	 	 	 	 	 	 	 	 	 	 	 	 	 	 	 	 	 	 	 	 	 	 	 	 	 	 	 	 
23	 	 	 	 	 	 	 	 	 	 	 	s27	 	 	 	 	 	 	 	 	 	 	 	 	 	 	 	 	 	 	 	 	 	 	 	 	 	 	 	 	 	 	 	 	 	 	 	 	 	 	 	 	 	 	 	 	 	 	 	 	 	 	 	 	 	 	 	 	 	 	 	 	 
24	s19	s20	s21	 	 	 	 	 	 	 	 	 	 	 	 	 	 	 	 	 	 	 	 	 	 	 	 	 	 	 	 	 	 	 	 	 	 	 	 	 	 	 	 	 	 	 	 	28	16	17	18	 	 	 	 	 	 	 	 	 	 	 	 	 	 	 	 	 	 	 	 	 	 
25	 	 	 	 	 	 	 	 	 	 	 	 	 	 	 	 	 	 	 	 	 	 	 	 	r33	 	 	 	 	s29	 	 	 	 	 	 	 	 	 	 	 	 	 	 	 	 	 	 	 	 	 	 	 	 	 	 	 	 	 	 	 	 	 	 	 	 	 	 	 	 	 	 	 
26	 	 	 	 	 	 	 	 	 	 	 	 	 	 	 	 	 	 	 	 	 	 	 	 	 	 	 	 	 	 	s31	 	 	 	 	 	 	 	s32	 	 	 	 	 	 	 	 	 	 	 	 	 	 	 	 	 	 	 	 	 	 	 	 	 	 	 	 	 	 	 	 	 	30
27	s19	s20	s21	 	 	 	 	 	 	 	 	 	 	 	 	 	 	 	 	 	 	 	 	 	 	 	 	 	 	 	 	 	 	 	 	 	 	 	 	 	 	 	 	 	 	 	 	33	16	17	18	 	 	 	 	 	 	 	 	 	 	 	 	 	 	 	 	 	 	 	 	 	 
28	 	 	 	 	 	 	 	 	 	 	 	 	 	 	 	 	 	 	 	 	 	 	 	 	 	 	 	 	 	 	s31	 	 	 	 	 	 	 	s32	 	 	 	 	 	 	 	 	 	 	 	 	 	 	 	 	 	 	 	 	 	 	 	 	 	 	 	 	 	 	 	 	 	34
29	s19	s20	s21	 	 	 	 	 	 	 	 	 	 	 	 	 	 	 	 	 	 	 	 	 	 	 	 	 	 	 	 	 	 	 	 	 	 	 	 	 	 	 	 	 	 	 	 	15	16	17	18	 	 	 	 	35	 	 	 	 	 	 	 	 	 	 	 	 	 	 	 	 	 
30	 	 	 	 	 	 	 	 	 	 	 	 	 	 	 	 	 	 	 	 	 	 	 	 	 	s36	 	 	 	 	 	 	 	 	 	 	 	 	 	 	 	 	 	 	 	 	 	 	 	 	 	 	 	 	 	 	 	 	 	 	 	 	 	 	 	 	 	 	 	 	 	 	 
31	r75	r75	r75	 	 	 	 	 	 	 	 	 	 	 	 	 	 	 	 	 	 	 	r75	r75	 	r75	 	 	 	 	 	r75	r75	r75	r75	 	 	r75	r75	r75	r75	r75	r75	r75	 	 	 	 	 	 	 	 	 	 	 	 	 	 	 	 	 	 	 	 	 	 	 	 	 	 	 	 	 
32	r76	r76	r76	 	 	 	 	 	 	 	 	 	 	 	 	 	 	 	 	 	 	 	r76	r76	 	r76	 	 	 	 	 	r76	r76	r76	r76	 	 	r76	r76	r76	r76	r76	r76	r76	 	 	 	 	 	 	 	 	 	 	 	 	 	 	 	 	 	 	 	 	 	 	 	 	 	 	 	 	 
33	 	 	 	 	 	 	 	 	 	 	 	 	 	 	 	 	 	 	 	 	 	 	 	 	 	 	 	 	 	 	s31	 	 	 	 	 	 	 	s32	 	 	 	 	 	 	 	 	 	 	 	 	 	 	 	 	 	 	 	 	 	 	 	 	 	 	 	 	 	 	 	 	 	37
34	 	 	 	 	 	 	 	 	 	 	 	 	 	 	 	 	 	 	 	 	 	 	 	 	 	s38	 	 	 	 	 	 	 	 	 	 	 	 	 	 	 	 	 	 	 	 	 	 	 	 	 	 	 	 	 	 	 	 	 	 	 	 	 	 	 	 	 	 	 	 	 	 	 
35	 	 	 	 	 	 	 	 	 	 	 	 	 	 	 	 	 	 	 	 	 	 	 	 	r34	 	 	 	 	 	 	 	 	 	 	 	 	 	 	 	 	 	 	 	 	 	 	 	 	 	 	 	 	 	 	 	 	 	 	 	 	 	 	 	 	 	 	 	 	 	 	 	 
36	 	 	 	 	 	 	 	 	 	 	 	 	 	 	 	 	 	 	 	 	 	 	 	 	 	 	 	 	 	 	s31	 	 	 	 	 	 	 	s32	 	 	 	 	 	 	 	 	 	 	 	 	 	 	 	 	 	 	 	 	 	 	 	 	 	 	 	 	 	 	 	 	 	39
37	 	 	 	 	 	 	 	 	 	 	 	 	 	 	 	 	 	 	 	 	 	 	 	 	 	s40	 	 	 	 	 	 	 	 	 	 	 	 	 	 	 	 	 	 	 	 	 	 	 	 	 	 	 	 	 	 	 	 	 	 	 	 	 	 	 	 	 	 	 	 	 	 	 
38	 	 	 	 	 	 	 	 	 	 	 	 	 	 	 	 	 	 	 	 	 	 	 	 	 	 	 	 	 	 	s31	 	 	 	 	 	 	 	s32	 	 	 	 	 	 	 	 	 	 	 	 	 	 	 	 	 	 	 	 	 	 	 	 	 	 	 	 	 	 	 	 	 	41
39	s19	s20	s21	 	 	 	 	 	 	 	 	 	 	 	 	 	 	 	 	 	 	 	s54	s55	 	 	 	 	 	 	 	s64	s65	s66	s58	 	 	s59	 	s60	s61	s62	s63	s67	 	 	 	53	16	17	18	 	 	 	 	 	42	43	44	 	45	46	47	 	56	48	 	49	50	51	52	57	 
40	 	 	 	 	 	 	 	 	 	 	 	 	 	 	 	 	 	 	 	 	 	 	 	 	 	 	 	 	 	 	s31	 	 	 	 	 	 	 	s32	 	 	 	 	 	 	 	 	 	 	 	 	 	 	 	 	 	 	 	 	 	 	 	 	 	 	 	 	 	 	 	 	 	68
41	s19	s20	s21	 	 	 	 	 	 	 	 	 	 	 	 	 	 	 	 	 	 	 	s54	s55	 	 	 	 	 	 	 	s64	s65	s66	s58	 	 	s59	 	s60	s61	s62	s63	s67	 	 	 	53	16	17	18	 	 	 	 	 	69	43	44	 	45	46	47	 	56	48	 	49	50	51	52	57	 
42	 	 	 	 	 	 	 	 	 	 	 	 	 	 	 	 	 	 	 	 	 	 	 	 	 	 	s70	 	 	 	 	 	 	 	 	 	 	 	 	 	 	 	 	 	 	 	 	 	 	 	 	 	 	 	 	 	 	 	 	 	 	 	 	 	 	 	 	 	 	 	 	 	 
43	s19	s20	s21	 	 	 	 	 	 	 	 	 	 	 	 	 	 	 	 	 	 	 	s54	s55	 	 	r36	 	 	 	 	s64	s65	s66	s58	 	 	s59	 	s60	s61	s62	s63	s67	 	 	 	53	16	17	18	 	 	 	 	 	71	43	44	 	45	46	47	 	56	48	 	49	50	51	52	57	 
44	r37	r37	r37	 	 	 	 	 	 	 	 	 	 	 	 	 	 	 	 	 	 	 	r37	r37	 	 	r37	 	 	 	 	r37	r37	r37	r37	 	 	r37	 	r37	r37	r37	r37	r37	 	 	 	 	 	 	 	 	 	 	 	 	 	 	 	 	 	 	 	 	 	 	 	 	 	 	 	 	 
45	r38	r38	r38	 	 	 	 	 	 	 	 	 	 	 	 	 	 	 	 	 	 	 	r38	r38	 	 	r38	 	 	 	 	r38	r38	r38	r38	 	 	r38	 	r38	r38	r38	r38	r38	 	 	 	 	 	 	 	 	 	 	 	 	 	 	 	 	 	 	 	 	 	 	 	 	 	 	 	 	 
46	r39	r39	r39	 	 	 	 	 	 	 	 	 	 	 	 	 	 	 	 	 	 	 	r39	r39	 	 	r39	 	 	 	 	r39	r39	r39	r39	 	 	r39	 	r39	r39	r39	r39	r39	 	 	 	 	 	 	 	 	 	 	 	 	 	 	 	 	 	 	 	 	 	 	 	 	 	 	 	 	 
47	r40	r40	r40	 	 	 	 	 	 	 	 	 	 	 	 	 	 	 	 	 	 	 	r40	r40	 	 	r40	 	 	 	 	r40	r40	r40	r40	 	 	r40	 	r40	r40	r40	r40	r40	 	 	 	 	 	 	 	 	 	 	 	 	 	 	 	 	 	 	 	 	 	 	 	 	 	 	 	 	 
48	r41	r41	r41	 	 	 	 	 	 	 	 	 	 	 	 	 	 	 	 	 	 	 	r41	r41	 	 	r41	 	 	 	 	r41	r41	r41	r41	 	 	r41	 	r41	r41	r41	r41	r41	 	 	 	 	 	 	 	 	 	 	 	 	 	 	 	 	 	 	 	 	 	 	 	 	 	 	 	 	 
49	r42	r42	r42	 	 	 	 	 	 	 	 	 	 	 	 	 	 	 	 	 	 	 	r42	r42	 	 	r42	 	 	 	 	r42	r42	r42	r42	 	 	r42	 	r42	r42	r42	r42	r42	 	 	 	 	 	 	 	 	 	 	 	 	 	 	 	 	 	 	 	 	 	 	 	 	 	 	 	 	 
50	r43	r43	r43	 	 	 	 	 	 	 	 	 	 	 	 	 	 	 	 	 	 	 	r43	r43	 	 	r43	 	 	 	 	r43	r43	r43	r43	 	 	r43	 	r43	r43	r43	r43	r43	 	 	 	 	 	 	 	 	 	 	 	 	 	 	 	 	 	 	 	 	 	 	 	 	 	 	 	 	 
51	r44	r44	r44	 	 	 	 	 	 	 	 	 	 	 	 	 	 	 	 	 	 	 	r44	r44	 	 	r44	 	 	 	 	r44	r44	r44	r44	 	 	r44	 	r44	r44	r44	r44	r44	 	 	 	 	 	 	 	 	 	 	 	 	 	 	 	 	 	 	 	 	 	 	 	 	 	 	 	 	 
52	r45	r45	r45	 	 	 	 	 	 	 	 	 	 	 	 	 	 	 	 	 	 	 	r45	r45	 	 	r45	 	 	 	 	r45	r45	r45	r45	 	 	r45	 	r45	r45	r45	r45	r45	 	 	 	 	 	 	 	 	 	 	 	 	 	 	 	 	 	 	 	 	 	 	 	 	 	 	 	 	 
53	 	 	 	 	 	 	 	 	 	 	 	 	 	 	 	 	 	 	 	 	 	 	s74	 	 	 	 	 	 	 	 	 	 	 	 	 	 	 	 	 	 	 	 	 	 	 	 	 	 	 	 	 	 	 	 	 	 	 	 	72	73	 	 	 	 	 	 	 	 	 	 	 	 
54	r54	r54	r54	 	 	 	 	 	 	 	 	 	 	 	s75	 	 	 	 	 	 	 	r54	r54	 	 	r54	 	 	 	 	r54	r54	r54	r54	 	 	r54	 	r54	r54	r54	r54	r54	 	 	 	 	 	 	 	 	 	 	 	 	 	 	 	 	 	 	 	 	 	 	 	 	 	 	 	 	 
55	 	 	 	 	 	 	 	 	 	 	 	 	 	 	 	 	 	 	 	 	 	 	s77	s55	 	 	 	 	 	 	 	s64	s65	s66	 	 	 	 	 	 	 	 	 	s67	 	 	 	 	 	 	 	 	 	 	 	 	 	 	 	 	 	 	76	 	56	 	 	 	 	 	 	57	 
56	r53	r53	r53	r53	r53	r53	r53	r53	r53	r53	r53	r53	r53	r53	r53	r53	r53	r53	r53	r53	r53	 	r53	r53	r53	 	r53	 	 	r53	r53	r53	r53	r53	r53	 	 	r53	 	r53	r53	r53	r53	r53	 	 	 	 	 	 	 	 	 	 	 	 	 	 	 	 	 	 	 	 	 	 	 	 	 	 	 	 	 
57	r55	r55	r55	r55	r55	r55	r55	r55	r55	r55	r55	r55	r55	r55	r55	r55	r55	r55	r55	r55	r55	 	r55	r55	r55	 	r55	 	 	r55	r55	r55	r55	r55	r55	 	 	r55	 	r55	r55	r55	r55	r55	 	 	 	 	 	 	 	 	 	 	 	 	 	 	 	 	 	 	 	 	 	 	 	 	 	 	 	 	 
58	 	 	 	 	 	 	 	 	 	 	 	 	 	 	 	 	 	 	 	 	 	 	 	s78	 	 	 	 	 	 	 	 	 	 	 	 	 	 	 	 	 	 	 	 	 	 	 	 	 	 	 	 	 	 	 	 	 	 	 	 	 	 	 	 	 	 	 	 	 	 	 	 	 
59	 	 	 	 	 	 	 	 	 	 	 	 	 	 	 	 	 	 	 	 	 	 	 	s79	 	 	 	 	 	 	 	 	 	 	 	 	 	 	 	 	 	 	 	 	 	 	 	 	 	 	 	 	 	 	 	 	 	 	 	 	 	 	 	 	 	 	 	 	 	 	 	 	 
60	 	 	 	 	 	 	 	 	 	 	 	 	 	 	 	 	 	 	 	 	 	 	 	s80	 	 	 	 	 	 	 	 	 	 	 	 	 	 	 	 	 	 	 	 	 	 	 	 	 	 	 	 	 	 	 	 	 	 	 	 	 	 	 	 	 	 	 	 	 	 	 	 	 
61	 	 	 	 	 	 	 	 	 	 	 	 	 	 	 	 	 	 	 	 	 	 	s77	s55	 	 	 	 	 	 	s82	s64	s65	s66	 	 	 	 	 	 	 	 	 	s67	 	 	 	 	 	 	 	 	 	 	 	 	 	 	 	 	 	 	81	 	56	 	 	 	 	 	 	57	 
62	 	 	 	 	 	 	 	 	 	 	 	 	 	 	 	 	 	 	 	 	 	 	 	 	 	 	 	 	 	 	s83	 	 	 	 	 	 	 	 	 	 	 	 	 	 	 	 	 	 	 	 	 	 	 	 	 	 	 	 	 	 	 	 	 	 	 	 	 	 	 	 	 	 
63	 	 	 	 	 	 	 	 	 	 	 	 	 	 	 	 	 	 	 	 	 	 	 	 	 	 	 	 	 	 	s84	 	 	 	 	 	 	 	 	 	 	 	 	 	 	 	 	 	 	 	 	 	 	 	 	 	 	 	 	 	 	 	 	 	 	 	 	 	 	 	 	 	 
64	r58	r58	r58	r58	r58	r58	r58	r58	r58	r58	r58	r58	r58	r58	r58	r58	r58	r58	r58	r58	r58	 	r58	r58	r58	 	r58	 	 	r58	r58	r58	r58	r58	r58	 	 	r58	 	r58	r58	r58	r58	r58	 	 	 	 	 	 	 	 	 	 	 	 	 	 	 	 	 	 	 	 	 	 	 	 	 	 	 	 	 
65	r59	r59	r59	r59	r59	r59	r59	r59	r59	r59	r59	r59	r59	r59	r59	r59	r59	r59	r59	r59	r59	 	r59	r59	r59	 	r59	 	 	r59	r59	r59	r59	r59	r59	 	 	r59	 	r59	r59	r59	r59	r59	 	 	 	 	 	 	 	 	 	 	 	 	 	 	 	 	 	 	 	 	 	 	 	 	 	 	 	 	 
66	r60	r60	r60	r60	r60	r60	r60	r60	r60	r60	r60	r60	r60	r60	r60	r60	r60	r60	r60	r60	r60	 	r60	r60	r60	 	r60	 	 	r60	r60	r60	r60	r60	r60	 	 	r60	 	r60	r60	r60	r60	r60	 	 	 	 	 	 	 	 	 	 	 	 	 	 	 	 	 	 	 	 	 	 	 	 	 	 	 	 	 
67	 	 	 	 	 	 	 	 	 	 	 	 	 	 	 	 	 	 	 	 	 	 	s85	 	 	 	 	 	 	 	 	 	 	 	 	 	 	 	 	 	 	 	 	 	 	 	 	 	 	 	 	 	 	 	 	 	 	 	 	 	 	 	 	 	 	 	 	 	 	 	 	 	 
68	s19	s20	s21	 	 	 	 	 	 	 	 	 	 	 	 	 	 	 	 	 	 	 	s54	s55	 	 	 	 	 	 	 	s64	s65	s66	s58	 	 	s59	 	s60	s61	s62	s63	s67	 	 	 	53	16	17	18	 	 	 	 	 	86	43	44	 	45	46	47	 	56	48	 	49	50	51	52	57	 
69	 	 	 	 	 	 	 	 	 	 	 	 	 	 	 	 	 	 	 	 	 	 	 	 	 	 	s87	 	 	 	 	 	 	 	 	 	 	 	 	 	 	 	 	 	 	 	 	 	 	 	 	 	 	 	 	 	 	 	 	 	 	 	 	 	 	 	 	 	 	 	 	 	 
70	 	 	 	 	 	 	 	 	 	 	 	 	 	 	 	 	 	 	 	 	 	 	 	 	 	 	 	 	 	 	 	 	 	 	 	 	 	 	 	 	 	 	 	 	r32	 	 	 	 	 	 	 	 	 	 	 	 	 	 	 	 	 	 	 	 	 	 	 	 	 	 	 	 
71	 	 	 	 	 	 	 	 	 	 	 	 	 	 	 	 	 	 	 	 	 	 	 	 	 	 	r35	 	 	 	 	 	 	 	 	 	 	 	 	 	 	 	 	 	 	 	 	 	 	 	 	 	 	 	 	 	 	 	 	 	 	 	 	 	 	 	 	 	 	 	 	 	 
72	 	 	 	 	 	 	 	 	 	 	 	 	 	 	 	 	 	 	 	 	 	 	 	 	 	 	 	 	 	 	s88	 	 	 	 	 	 	 	 	 	 	 	 	 	 	 	 	 	 	 	 	 	 	 	 	 	 	 	 	 	 	 	 	 	 	 	 	 	 	 	 	 	 
73	r51	r51	r51	 	 	 	 	 	 	 	 	 	 	 	 	 	 	 	 	 	 	 	r51	r51	 	 	r51	 	 	 	 	r51	r51	r51	r51	 	 	r51	 	r51	r51	r51	r51	r51	 	 	 	 	 	 	 	 	 	 	 	 	 	 	 	 	 	 	 	 	 	 	 	 	 	 	 	 	 
74	 	 	 	 	 	 	 	 	 	 	 	 	 	 	s75	 	 	 	 	 	 	 	 	 	 	 	 	 	 	s89	r48	 	 	 	 	 	 	 	 	 	 	 	 	 	 	 	 	 	 	 	 	 	 	 	 	 	 	 	 	 	 	 	 	 	 	 	 	 	 	 	 	 	 
75	 	 	 	 	 	 	 	 	 	 	 	 	 	 	 	 	 	 	 	 	 	 	s77	s55	 	 	 	 	 	 	 	s64	s65	s66	 	 	 	 	 	 	 	 	 	s67	 	 	 	 	 	 	 	 	 	 	 	 	 	 	 	 	 	 	90	 	56	 	 	 	 	 	 	57	 
76	 	 	 	s92	s93	s94	s95	s96	s97	s98	s99	s100	s101	s102	s103	s104	s105	s106	s107	s108	s109	 	 	 	 	 	 	 	 	 	 	 	 	 	 	 	 	 	 	 	 	 	 	 	 	 	 	 	 	 	 	91	 	 	 	 	 	 	 	 	 	 	 	 	 	 	 	 	 	 	 	 	 
77	 	 	 	r54	r54	r54	r54	r54	r54	r54	r54	r54	r54	r54	r54	r54	r54	r54	r54	r54	r54	 	 	 	r54	 	 	 	 	r54	r54	 	 	 	 	 	 	 	 	 	 	 	 	 	 	 	 	 	 	 	 	 	 	 	 	 	 	 	 	 	 	 	 	 	 	 	 	 	 	 	 	 	 
78	 	 	 	 	 	 	 	 	 	 	 	 	 	 	 	 	 	 	 	 	 	 	s77	s55	 	 	 	 	 	 	 	s64	s65	s66	 	 	 	 	 	 	 	 	 	s67	 	 	 	 	 	 	 	 	 	 	 	 	 	 	 	 	 	 	110	 	56	 	 	 	 	 	 	57	 
79	 	 	 	 	 	 	 	 	 	 	 	 	 	 	 	 	 	 	 	 	 	 	s77	s55	 	 	 	 	 	 	 	s64	s65	s66	 	 	 	 	 	 	 	 	 	s67	 	 	 	 	 	 	 	 	 	 	 	 	 	 	 	 	 	 	111	 	56	 	 	 	 	 	 	57	 
80	 	 	 	 	 	 	 	 	 	 	 	 	 	 	 	 	 	 	 	 	 	 	s113	 	 	 	 	 	 	 	 	 	 	 	 	 	 	 	 	 	 	 	 	 	 	 	 	 	 	 	 	 	 	 	 	 	 	 	 	 	112	 	 	 	 	 	 	 	 	 	 	 	 
81	 	 	 	 	 	 	 	 	 	 	 	 	 	 	 	 	 	 	 	 	 	 	 	 	 	 	 	 	 	 	s114	 	 	 	 	 	 	 	 	 	 	 	 	 	 	 	 	 	 	 	 	 	 	 	 	 	 	 	 	 	 	 	 	 	 	 	 	 	 	 	 	 	 
82	r70	r70	r70	 	 	 	 	 	 	 	 	 	 	 	 	 	 	 	 	 	 	 	r70	r70	 	 	r70	 	 	 	 	r70	r70	r70	r70	 	 	r70	 	r70	r70	r70	r70	r70	 	 	 	 	 	 	 	 	 	 	 	 	 	 	 	 	 	 	 	 	 	 	 	 	 	 	 	 	 
83	r71	r71	r71	 	 	 	 	 	 	 	 	 	 	 	 	 	 	 	 	 	 	 	r71	r71	 	 	r71	 	 	 	 	r71	r71	r71	r71	 	 	r71	 	r71	r71	r71	r71	r71	 	 	 	 	 	 	 	 	 	 	 	 	 	 	 	 	 	 	 	 	 	 	 	 	 	 	 	 	 
84	r72	r72	r72	 	 	 	 	 	 	 	 	 	 	 	 	 	 	 	 	 	 	 	r72	r72	 	 	r72	 	 	 	 	r72	r72	r72	r72	 	 	r72	 	r72	r72	r72	r72	r72	 	 	 	 	 	 	 	 	 	 	 	 	 	 	 	 	 	 	 	 	 	 	 	 	 	 	 	 	 
85	 	 	 	 	 	 	 	 	 	 	 	 	 	 	 	 	 	 	 	 	 	 	 	s115	 	 	 	 	 	 	 	 	 	 	 	 	 	 	 	 	 	 	 	 	 	 	 	 	 	 	 	 	 	 	 	 	 	 	 	 	 	 	 	 	 	 	 	 	 	 	 	 	 
86	 	 	 	 	 	 	 	 	 	 	 	 	 	 	 	 	 	 	 	 	 	 	 	 	 	 	s116	 	 	 	 	 	 	 	 	 	 	 	 	 	 	 	 	 	 	 	 	 	 	 	 	 	 	 	 	 	 	 	 	 	 	 	 	 	 	 	 	 	 	 	 	 	 
87	 	 	 	 	 	 	 	 	 	 	 	 	 	 	 	 	 	 	 	 	 	r31	 	 	 	 	 	 	 	 	 	 	 	 	 	 	 	 	 	 	 	 	 	 	r31	 	 	 	 	 	 	 	 	 	 	 	 	 	 	 	 	 	 	 	 	 	 	 	 	 	 	 	 
88	r46	r46	r46	 	 	 	 	 	 	 	 	 	 	 	 	 	 	 	 	 	 	 	r46	r46	 	 	r46	 	 	 	 	r46	r46	r46	r46	 	 	r46	 	r46	r46	r46	r46	r46	 	 	 	 	 	 	 	 	 	 	 	 	 	 	 	 	 	 	 	 	 	 	 	 	 	 	 	 	 
89	 	 	 	 	 	 	 	 	 	 	 	 	 	 	 	 	 	 	 	 	 	 	s118	 	 	 	 	 	 	 	 	 	 	 	 	 	 	 	 	 	 	 	 	 	 	 	 	 	 	 	 	 	 	 	 	 	 	 	 	117	 	 	 	 	 	 	 	 	 	 	 	 	 
90	 	 	 	 	 	 	 	 	 	 	 	 	 	 	 	 	 	 	 	 	 	 	 	 	 	 	 	 	 	s120	s119	 	 	 	 	 	 	 	 	 	 	 	 	 	 	 	 	 	 	 	 	 	 	 	 	 	 	 	 	 	 	 	 	 	 	 	 	 	 	 	 	 	 
91	 	 	 	 	 	 	 	 	 	 	 	 	 	 	 	 	 	 	 	 	 	 	s77	s55	 	 	 	 	 	 	 	s64	s65	s66	 	 	 	 	 	 	 	 	 	s67	 	 	 	 	 	 	 	 	 	 	 	 	 	 	 	 	 	 	121	 	56	 	 	 	 	 	 	57	 
92	 	 	 	 	 	 	 	 	 	 	 	 	 	 	 	 	 	 	 	 	 	 	r10	r10	 	 	 	 	 	 	 	r10	r10	r10	 	 	 	 	 	 	 	 	 	r10	 	 	 	 	 	 	 	 	 	 	 	 	 	 	 	 	 	 	 	 	 	 	 	 	 	 	 	 	 
93	 	 	 	 	 	 	 	 	 	 	 	 	 	 	 	 	 	 	 	 	 	 	r11	r11	 	 	 	 	 	 	 	r11	r11	r11	 	 	 	 	 	 	 	 	 	r11	 	 	 	 	 	 	 	 	 	 	 	 	 	 	 	 	 	 	 	 	 	 	 	 	 	 	 	 	 
94	 	 	 	 	 	 	 	 	 	 	 	 	 	 	 	 	 	 	 	 	 	 	r12	r12	 	 	 	 	 	 	 	r12	r12	r12	 	 	 	 	 	 	 	 	 	r12	 	 	 	 	 	 	 	 	 	 	 	 	 	 	 	 	 	 	 	 	 	 	 	 	 	 	 	 	 
95	 	 	 	 	 	 	 	 	 	 	 	 	 	 	 	 	 	 	 	 	 	 	r13	r13	 	 	 	 	 	 	 	r13	r13	r13	 	 	 	 	 	 	 	 	 	r13	 	 	 	 	 	 	 	 	 	 	 	 	 	 	 	 	 	 	 	 	 	 	 	 	 	 	 	 	 
96	 	 	 	 	 	 	 	 	 	 	 	 	 	 	 	 	 	 	 	 	 	 	r14	r14	 	 	 	 	 	 	 	r14	r14	r14	 	 	 	 	 	 	 	 	 	r14	 	 	 	 	 	 	 	 	 	 	 	 	 	 	 	 	 	 	 	 	 	 	 	 	 	 	 	 	 
97	 	 	 	 	 	 	 	 	 	 	 	 	 	 	 	 	 	 	 	 	 	 	r15	r15	 	 	 	 	 	 	 	r15	r15	r15	 	 	 	 	 	 	 	 	 	r15	 	 	 	 	 	 	 	 	 	 	 	 	 	 	 	 	 	 	 	 	 	 	 	 	 	 	 	 	 
98	 	 	 	 	 	 	 	 	 	 	 	 	 	 	 	 	 	 	 	 	 	 	r16	r16	 	 	 	 	 	 	 	r16	r16	r16	 	 	 	 	 	 	 	 	 	r16	 	 	 	 	 	 	 	 	 	 	 	 	 	 	 	 	 	 	 	 	 	 	 	 	 	 	 	 	 
99	 	 	 	 	 	 	 	 	 	 	 	 	 	 	 	 	 	 	 	 	 	 	r17	r17	 	 	 	 	 	 	 	r17	r17	r17	 	 	 	 	 	 	 	 	 	r17	 	 	 	 	 	 	 	 	 	 	 	 	 	 	 	 	 	 	 	 	 	 	 	 	 	 	 	 	 
100	 	 	 	 	 	 	 	 	 	 	 	 	 	 	 	 	 	 	 	 	 	 	r18	r18	 	 	 	 	 	 	 	r18	r18	r18	 	 	 	 	 	 	 	 	 	r18	 	 	 	 	 	 	 	 	 	 	 	 	 	 	 	 	 	 	 	 	 	 	 	 	 	 	 	 	 
101	 	 	 	 	 	 	 	 	 	 	 	 	 	 	 	 	 	 	 	 	 	 	r19	r19	 	 	 	 	 	 	 	r19	r19	r19	 	 	 	 	 	 	 	 	 	r19	 	 	 	 	 	 	 	 	 	 	 	 	 	 	 	 	 	 	 	 	 	 	 	 	 	 	 	 	 
102	 	 	 	 	 	 	 	 	 	 	 	 	 	 	 	 	 	 	 	 	 	 	r20	r20	 	 	 	 	 	 	 	r20	r20	r20	 	 	 	 	 	 	 	 	 	r20	 	 	 	 	 	 	 	 	 	 	 	 	 	 	 	 	 	 	 	 	 	 	 	 	 	 	 	 	 
103	 	 	 	 	 	 	 	 	 	 	 	 	 	 	 	 	 	 	 	 	 	 	r21	r21	 	 	 	 	 	 	 	r21	r21	r21	 	 	 	 	 	 	 	 	 	r21	 	 	 	 	 	 	 	 	 	 	 	 	 	 	 	 	 	 	 	 	 	 	 	 	 	 	 	 	 
104	 	 	 	 	 	 	 	 	 	 	 	 	 	 	 	 	 	 	 	 	 	 	r22	r22	 	 	 	 	 	 	 	r22	r22	r22	 	 	 	 	 	 	 	 	 	r22	 	 	 	 	 	 	 	 	 	 	 	 	 	 	 	 	 	 	 	 	 	 	 	 	 	 	 	 	 
105	 	 	 	 	 	 	 	 	 	 	 	 	 	 	 	 	 	 	 	 	 	 	r23	r23	 	 	 	 	 	 	 	r23	r23	r23	 	 	 	 	 	 	 	 	 	r23	 	 	 	 	 	 	 	 	 	 	 	 	 	 	 	 	 	 	 	 	 	 	 	 	 	 	 	 	 
106	 	 	 	 	 	 	 	 	 	 	 	 	 	 	 	 	 	 	 	 	 	 	r24	r24	 	 	 	 	 	 	 	r24	r24	r24	 	 	 	 	 	 	 	 	 	r24	 	 	 	 	 	 	 	 	 	 	 	 	 	 	 	 	 	 	 	 	 	 	 	 	 	 	 	 	 
107	 	 	 	 	 	 	 	 	 	 	 	 	 	 	 	 	 	 	 	 	 	 	r25	r25	 	 	 	 	 	 	 	r25	r25	r25	 	 	 	 	 	 	 	 	 	r25	 	 	 	 	 	 	 	 	 	 	 	 	 	 	 	 	 	 	 	 	 	 	 	 	 	 	 	 	 
108	 	 	 	 	 	 	 	 	 	 	 	 	 	 	 	 	 	 	 	 	 	 	r26	r26	 	 	 	 	 	 	 	r26	r26	r26	 	 	 	 	 	 	 	 	 	r26	 	 	 	 	 	 	 	 	 	 	 	 	 	 	 	 	 	 	 	 	 	 	 	 	 	 	 	 	 
109	 	 	 	 	 	 	 	 	 	 	 	 	 	 	 	 	 	 	 	 	 	 	r27	r27	 	 	 	 	 	 	 	r27	r27	r27	 	 	 	 	 	 	 	 	 	r27	 	 	 	 	 	 	 	 	 	 	 	 	 	 	 	 	 	 	 	 	 	 	 	 	 	 	 	 	 
110	 	 	 	 	 	 	 	 	 	 	 	 	 	 	 	 	 	 	 	 	 	 	 	 	s122	 	 	 	 	 	 	 	 	 	 	 	 	 	 	 	 	 	 	 	 	 	 	 	 	 	 	 	 	 	 	 	 	 	 	 	 	 	 	 	 	 	 	 	 	 	 	 	 
111	 	 	 	 	 	 	 	 	 	 	 	 	 	 	 	 	 	 	 	 	 	 	 	 	s123	 	 	 	 	 	 	 	 	 	 	 	 	 	 	 	 	 	 	 	 	 	 	 	 	 	 	 	 	 	 	 	 	 	 	 	 	 	 	 	 	 	 	 	 	 	 	 	 
112	 	 	 	 	 	 	 	 	 	 	 	 	 	 	 	 	 	 	 	 	 	 	 	 	 	 	 	 	 	s124	 	 	 	 	 	 	 	 	 	 	 	 	 	 	 	 	 	 	 	 	 	 	 	 	 	 	 	 	 	 	 	 	 	 	 	 	 	 	 	 	 	 	 
113	 	 	 	 	 	 	 	 	 	 	 	 	 	 	s75	 	 	 	 	 	 	 	 	 	 	 	 	 	 	 	 	 	 	 	 	 	 	 	 	 	 	 	 	 	 	 	 	 	 	 	 	 	 	 	 	 	 	 	 	 	 	 	 	 	 	 	 	 	 	 	 	 	 
114	r69	r69	r69	 	 	 	 	 	 	 	 	 	 	 	 	 	 	 	 	 	 	 	r69	r69	 	 	r69	 	 	 	 	r69	r69	r69	r69	 	 	r69	 	r69	r69	r69	r69	r69	 	 	 	 	 	 	 	 	 	 	 	 	 	 	 	 	 	 	 	 	 	 	 	 	 	 	 	 	 
115	 	 	 	 	 	 	 	 	 	 	 	 	 	 	 	 	 	 	 	 	 	 	s77	s55	s126	 	 	 	 	 	 	s64	s65	s66	 	 	 	 	 	 	 	 	 	s67	 	 	 	 	 	 	 	 	 	 	 	 	 	 	 	 	 	 	127	125	56	 	 	 	 	 	 	57	 
116	 	 	 	 	 	 	 	 	 	 	 	 	 	 	 	 	 	 	 	 	 	r30	 	 	 	 	 	 	 	 	 	 	 	 	 	 	 	 	 	 	 	 	 	 	r30	 	 	 	 	 	 	 	 	 	 	 	 	 	 	 	 	 	 	 	 	 	 	 	 	 	 	 	 
117	 	 	 	 	 	 	 	 	 	 	 	 	 	 	 	 	 	 	 	 	 	 	 	 	 	 	 	 	 	 	r47	 	 	 	 	 	 	 	 	 	 	 	 	 	 	 	 	 	 	 	 	 	 	 	 	 	 	 	 	 	 	 	 	 	 	 	 	 	 	 	 	 	 
118	 	 	 	 	 	 	 	 	 	 	 	 	 	 	 	 	 	 	 	 	 	 	 	 	 	 	 	 	 	s89	r48	 	 	 	 	 	 	 	 	 	 	 	 	 	 	 	 	 	 	 	 	 	 	 	 	 	 	 	 	 	 	 	 	 	 	 	 	 	 	 	 	 	 
119	r49	r49	r49	 	 	 	 	 	 	 	 	 	 	 	 	 	 	 	 	 	 	 	r49	r49	 	 	r49	 	 	r49	 	r49	r49	r49	r49	 	 	r49	 	r49	r49	r49	r49	r49	 	 	 	 	 	 	 	 	 	 	 	 	 	 	 	 	 	 	 	 	 	 	 	 	 	 	 	 	 
120	 	 	 	 	 	 	 	 	 	 	 	 	 	 	 	 	 	 	 	 	 	 	s113	 	 	 	 	 	 	 	 	 	 	 	 	 	 	 	 	 	 	 	 	 	 	 	 	 	 	 	 	 	 	 	 	 	 	 	 	 	128	 	 	 	 	 	 	 	 	 	 	 	 
121	 	 	 	 	 	 	 	 	 	 	 	 	 	 	 	 	 	 	 	 	 	 	 	 	s129	 	 	 	 	 	 	 	 	 	 	 	 	 	 	 	 	 	 	 	 	 	 	 	 	 	 	 	 	 	 	 	 	 	 	 	 	 	 	 	 	 	 	 	 	 	 	 	 
122	 	 	 	 	 	 	 	 	 	 	 	 	 	 	 	 	 	 	 	 	 	 	 	 	 	 	 	 	 	 	s31	 	 	 	 	 	 	 	s32	 	 	 	 	 	 	 	 	 	 	 	 	 	 	 	 	 	 	 	 	 	 	 	 	 	 	 	 	 	 	 	 	 	130
123	 	 	 	 	 	 	 	 	 	 	 	 	 	 	 	 	 	 	 	 	 	 	 	 	 	 	 	 	 	 	s31	 	 	 	 	 	 	 	s32	 	 	 	 	 	 	 	 	 	 	 	 	 	 	 	 	 	 	 	 	 	 	 	 	 	 	 	 	 	 	 	 	 	131
124	 	 	 	 	 	 	 	 	 	 	 	 	 	 	 	 	 	 	 	 	 	 	s77	s55	 	 	 	 	 	 	 	s64	s65	s66	 	 	 	 	 	 	 	 	 	s67	 	 	 	 	 	 	 	 	 	 	 	 	 	 	 	 	 	 	132	 	56	 	 	 	 	 	 	57	 
125	 	 	 	 	 	 	 	 	 	 	 	 	 	 	 	 	 	 	 	 	 	 	 	 	s133	 	 	 	 	 	 	 	 	 	 	 	 	 	 	 	 	 	 	 	 	 	 	 	 	 	 	 	 	 	 	 	 	 	 	 	 	 	 	 	 	 	 	 	 	 	 	 	 
126	 	 	 	 	 	 	 	 	 	 	 	 	 	 	 	 	 	 	 	 	 	 	 	 	 	 	 	 	 	 	s134	 	 	 	 	 	 	 	 	 	 	 	 	 	 	 	 	 	 	 	 	 	 	 	 	 	 	 	 	 	 	 	 	 	 	 	 	 	 	 	 	 	 
127	 	 	 	 	 	 	 	 	 	 	 	 	 	 	 	 	 	 	 	 	 	 	 	 	r57	 	 	 	 	s135	 	 	 	 	 	 	 	 	 	 	 	 	 	 	 	 	 	 	 	 	 	 	 	 	 	 	 	 	 	 	 	 	 	 	 	 	 	 	 	 	 	 	 
128	r50	r50	r50	 	 	 	 	 	 	 	 	 	 	 	 	 	 	 	 	 	 	 	r50	r50	 	 	r50	 	 	r50	 	r50	r50	r50	r50	 	 	r50	 	r50	r50	r50	r50	r50	 	 	 	 	 	 	 	 	 	 	 	 	 	 	 	 	 	 	 	 	 	 	 	 	 	 	 	 	 
129	r52	r52	r52	r52	r52	r52	r52	r52	r52	r52	r52	r52	r52	r52	r52	r52	r52	r52	r52	r52	r52	 	r52	r52	r52	 	r52	 	 	r52	r52	r52	r52	r52	r52	 	 	r52	 	r52	r52	r52	r52	r52	 	 	 	 	 	 	 	 	 	 	 	 	 	 	 	 	 	 	 	 	 	 	 	 	 	 	 	 	 
130	 	 	 	 	 	 	 	 	 	 	 	 	 	 	 	 	 	 	 	 	 	 	 	 	 	s136	 	 	 	 	 	 	 	 	 	 	 	 	 	 	 	 	 	 	 	 	 	 	 	 	 	 	 	 	 	 	 	 	 	 	 	 	 	 	 	 	 	 	 	 	 	 	 
131	 	 	 	 	 	 	 	 	 	 	 	 	 	 	 	 	 	 	 	 	 	 	 	 	 	s137	 	 	 	 	 	 	 	 	 	 	 	 	 	 	 	 	 	 	 	 	 	 	 	 	 	 	 	 	 	 	 	 	 	 	 	 	 	 	 	 	 	 	 	 	 	 	 
132	 	 	 	 	 	 	 	 	 	 	 	 	 	 	 	 	 	 	 	 	 	 	 	 	 	 	 	 	 	s138	 	 	 	 	 	 	 	 	 	 	 	 	 	 	 	 	 	 	 	 	 	 	 	 	 	 	 	 	 	 	 	 	 	 	 	 	 	 	 	 	 	 	 
133	 	 	 	 	 	 	 	 	 	 	 	 	 	 	 	 	 	 	 	 	 	 	 	 	 	 	 	 	 	 	s139	 	 	 	 	 	 	 	 	 	 	 	 	 	 	 	 	 	 	 	 	 	 	 	 	 	 	 	 	 	 	 	 	 	 	 	 	 	 	 	 	 	 
134	r74	r74	r74	r74	r74	r74	r74	r74	r74	r74	r74	r74	r74	r74	r74	r74	r74	r74	r74	r74	r74	 	r74	r74	r74	 	r74	 	 	r74	r74	r74	r74	r74	r74	 	 	r74	 	r74	r74	r74	r74	r74	 	 	 	 	 	 	 	 	 	 	 	 	 	 	 	 	 	 	 	 	 	 	 	 	 	 	 	 	 
135	 	 	 	 	 	 	 	 	 	 	 	 	 	 	 	 	 	 	 	 	 	 	s77	s55	 	 	 	 	 	 	 	s64	s65	s66	 	 	 	 	 	 	 	 	 	s67	 	 	 	 	 	 	 	 	 	 	 	 	 	 	 	 	 	 	127	140	56	 	 	 	 	 	 	57	 
136	 	 	 	 	 	 	 	 	 	 	 	 	 	 	 	 	 	 	 	 	 	 	 	 	 	 	 	 	 	 	s31	 	 	 	 	 	 	 	s32	 	 	 	 	 	 	 	 	 	 	 	 	 	 	 	 	 	 	 	 	 	 	 	 	 	 	 	 	 	 	 	 	 	141
137	 	 	 	 	 	 	 	 	 	 	 	 	 	 	 	 	 	 	 	 	 	 	 	 	 	 	 	 	 	 	s31	 	 	 	 	 	 	 	s32	 	 	 	 	 	 	 	 	 	 	 	 	 	 	 	 	 	 	 	 	 	 	 	 	 	 	 	 	 	 	 	 	 	142
138	 	 	 	 	 	 	 	 	 	 	 	 	 	 	 	 	 	 	 	 	 	 	s77	s55	 	 	 	 	 	 	 	s64	s65	s66	 	 	 	 	 	 	 	 	 	s67	 	 	 	 	 	 	 	 	 	 	 	 	 	 	 	 	 	 	143	 	56	 	 	 	 	 	 	57	 
139	r73	r73	r73	r73	r73	r73	r73	r73	r73	r73	r73	r73	r73	r73	r73	r73	r73	r73	r73	r73	r73	 	r73	r73	r73	 	r73	 	 	r73	r73	r73	r73	r73	r73	 	 	r73	 	r73	r73	r73	r73	r73	 	 	 	 	 	 	 	 	 	 	 	 	 	 	 	 	 	 	 	 	 	 	 	 	 	 	 	 	 
140	 	 	 	 	 	 	 	 	 	 	 	 	 	 	 	 	 	 	 	 	 	 	 	 	r56	 	 	 	 	 	 	 	 	 	 	 	 	 	 	 	 	 	 	 	 	 	 	 	 	 	 	 	 	 	 	 	 	 	 	 	 	 	 	 	 	 	 	 	 	 	 	 	 
141	s19	s20	s21	 	 	 	 	 	 	 	 	 	 	 	 	 	 	 	 	 	 	 	s54	s55	 	 	 	 	 	 	 	s64	s65	s66	s58	 	 	s59	 	s60	s61	s62	s63	s67	 	 	 	53	16	17	18	 	 	 	 	 	144	43	44	 	45	46	47	 	56	48	 	49	50	51	52	57	 
142	 	 	 	 	 	 	 	 	 	 	 	 	 	 	 	 	 	 	 	 	 	 	 	 	 	 	 	 	 	 	 	 	 	 	 	 	 	 	s145	 	 	 	 	 	 	 	 	 	 	 	 	 	 	 	 	 	 	 	 	 	 	 	 	 	 	 	 	 	 	 	 	 	 
143	 	 	 	 	 	 	 	 	 	 	 	 	 	 	 	 	 	 	 	 	 	 	 	 	s146	 	 	 	 	 	 	 	 	 	 	 	 	 	 	 	 	 	 	 	 	 	 	 	 	 	 	 	 	 	 	 	 	 	 	 	 	 	 	 	 	 	 	 	 	 	 	 	 
144	 	 	 	 	 	 	 	 	 	 	 	 	 	 	 	 	 	 	 	 	 	 	 	 	 	 	s147	 	 	 	 	 	 	 	 	 	 	 	 	 	 	 	 	 	 	 	 	 	 	 	 	 	 	 	 	 	 	 	 	 	 	 	 	 	 	 	 	 	 	 	 	 	 
145	s19	s20	s21	 	 	 	 	 	 	 	 	 	 	 	 	 	 	 	 	 	 	 	s54	s55	 	 	 	 	 	 	 	s64	s65	s66	s58	 	 	s59	 	s60	s61	s62	s63	s67	 	 	 	53	16	17	18	 	 	 	 	 	148	43	44	 	45	46	47	 	56	48	 	49	50	51	52	57	 
146	 	 	 	 	 	 	 	 	 	 	 	 	 	 	 	 	 	 	 	 	 	 	 	 	 	 	 	 	 	 	s31	 	 	 	 	 	 	 	s32	 	 	 	 	 	 	 	 	 	 	 	 	 	 	 	 	 	 	 	 	 	 	 	 	 	 	 	 	 	 	 	 	 	149
147	r61	r61	r61	 	 	 	 	 	 	 	 	 	 	 	 	 	 	 	 	 	 	 	r61	r61	 	 	r61	 	 	 	 	r61	r61	r61	r61	s150	s152	r61	 	r61	r61	r61	r61	r61	 	 	 	 	 	 	 	 	 	 	 	 	 	 	 	 	 	 	 	 	 	 	151	 	 	 	 	 	 
148	 	 	 	 	 	 	 	 	 	 	 	 	 	 	 	 	 	 	 	 	 	 	 	 	 	 	s153	 	 	 	 	 	 	 	 	 	 	 	 	 	 	 	 	 	 	 	 	 	 	 	 	 	 	 	 	 	 	 	 	 	 	 	 	 	 	 	 	 	 	 	 	 	 
149	 	 	 	 	 	 	 	 	 	 	 	 	 	 	 	 	 	 	 	 	 	 	 	 	 	s154	 	 	 	 	 	 	 	 	 	 	 	 	 	 	 	 	 	 	 	 	 	 	 	 	 	 	 	 	 	 	 	 	 	 	 	 	 	 	 	 	 	 	 	 	 	 	 
150	 	 	 	 	 	 	 	 	 	 	 	 	 	 	 	 	 	 	 	 	 	 	 	 	 	 	 	 	 	 	s31	 	 	 	 	 	 	 	s32	 	 	 	 	 	 	 	 	 	 	 	 	 	 	 	 	 	 	 	 	 	 	 	 	 	 	 	 	 	 	 	 	 	155
151	r63	r63	r63	 	 	 	 	 	 	 	 	 	 	 	 	 	 	 	 	 	 	 	r63	r63	 	 	r63	 	 	 	 	r63	r63	r63	r63	s156	 	r63	 	r63	r63	r63	r63	r63	 	 	 	 	 	 	 	 	 	 	 	 	 	 	 	 	 	 	 	 	 	 	 	 	 	 	 	 	 
152	 	 	 	 	 	 	 	 	 	 	 	 	 	 	 	 	 	 	 	 	 	 	 	s157	 	 	 	 	 	 	 	 	 	 	 	 	 	 	 	 	 	 	 	 	 	 	 	 	 	 	 	 	 	 	 	 	 	 	 	 	 	 	 	 	 	 	 	 	 	 	 	 	 
153	r67	r67	r67	 	 	 	 	 	 	 	 	 	 	 	 	 	 	 	 	 	 	 	r67	r67	 	 	r67	 	 	 	 	r67	r67	r67	r67	 	 	r67	 	r67	r67	r67	r67	r67	 	 	 	 	 	 	 	 	 	 	 	 	 	 	 	 	 	 	 	 	 	 	 	 	 	 	 	 	 
154	 	 	 	 	 	 	 	 	 	 	 	 	 	 	 	 	 	 	 	 	 	 	 	 	 	 	 	 	 	 	s31	 	 	 	 	 	 	 	s32	 	 	 	 	 	 	 	 	 	 	 	 	 	 	 	 	 	 	 	 	 	 	 	 	 	 	 	 	 	 	 	 	 	158
155	 	 	 	 	 	 	 	 	 	 	 	 	 	 	 	 	 	 	 	 	 	 	 	 	 	s159	 	 	 	 	 	 	 	 	 	 	 	 	 	 	 	 	 	 	 	 	 	 	 	 	 	 	 	 	 	 	 	 	 	 	 	 	 	 	 	 	 	 	 	 	 	 	 
156	 	 	 	 	 	 	 	 	 	 	 	 	 	 	 	 	 	 	 	 	 	 	 	 	 	 	 	 	 	 	s31	 	 	 	 	 	 	 	s32	 	 	 	 	 	 	 	 	 	 	 	 	 	 	 	 	 	 	 	 	 	 	 	 	 	 	 	 	 	 	 	 	 	160
157	 	 	 	 	 	 	 	 	 	 	 	 	 	 	 	 	 	 	 	 	 	 	s77	s55	 	 	 	 	 	 	 	s64	s65	s66	 	 	 	 	 	 	 	 	 	s67	 	 	 	 	 	 	 	 	 	 	 	 	 	 	 	 	 	 	161	 	56	 	 	 	 	 	 	57	 
158	s19	s20	s21	 	 	 	 	 	 	 	 	 	 	 	 	 	 	 	 	 	 	 	s54	s55	 	 	 	 	 	 	 	s64	s65	s66	s58	 	 	s59	 	s60	s61	s62	s63	s67	 	 	 	53	16	17	18	 	 	 	 	 	162	43	44	 	45	46	47	 	56	48	 	49	50	51	52	57	 
159	 	 	 	 	 	 	 	 	 	 	 	 	 	 	 	 	 	 	 	 	 	 	 	 	 	 	 	 	 	 	s31	 	 	 	 	 	 	 	s32	 	 	 	 	 	 	 	 	 	 	 	 	 	 	 	 	 	 	 	 	 	 	 	 	 	 	 	 	 	 	 	 	 	163
160	 	 	 	 	 	 	 	 	 	 	 	 	 	 	 	 	 	 	 	 	 	 	 	 	 	s164	 	 	 	 	 	 	 	 	 	 	 	 	 	 	 	 	 	 	 	 	 	 	 	 	 	 	 	 	 	 	 	 	 	 	 	 	 	 	 	 	 	 	 	 	 	 	 
161	 	 	 	 	 	 	 	 	 	 	 	 	 	 	 	 	 	 	 	 	 	 	 	 	s165	 	 	 	 	 	 	 	 	 	 	 	 	 	 	 	 	 	 	 	 	 	 	 	 	 	 	 	 	 	 	 	 	 	 	 	 	 	 	 	 	 	 	 	 	 	 	 	 
162	 	 	 	 	 	 	 	 	 	 	 	 	 	 	 	 	 	 	 	 	 	 	 	 	 	 	s166	 	 	 	 	 	 	 	 	 	 	 	 	 	 	 	 	 	 	 	 	 	 	 	 	 	 	 	 	 	 	 	 	 	 	 	 	 	 	 	 	 	 	 	 	 	 
163	s19	s20	s21	 	 	 	 	 	 	 	 	 	 	 	 	 	 	 	 	 	 	 	s54	s55	 	 	 	 	 	 	 	s64	s65	s66	s58	 	 	s59	 	s60	s61	s62	s63	s67	 	 	 	53	16	17	18	 	 	 	 	 	167	43	44	 	45	46	47	 	56	48	 	49	50	51	52	57	 
164	 	 	 	 	 	 	 	 	 	 	 	 	 	 	 	 	 	 	 	 	 	 	 	 	 	 	 	 	 	 	s31	 	 	 	 	 	 	 	s32	 	 	 	 	 	 	 	 	 	 	 	 	 	 	 	 	 	 	 	 	 	 	 	 	 	 	 	 	 	 	 	 	 	168
165	 	 	 	 	 	 	 	 	 	 	 	 	 	 	 	 	 	 	 	 	 	 	 	 	 	 	 	 	 	 	s31	 	 	 	 	 	 	 	s32	 	 	 	 	 	 	 	 	 	 	 	 	 	 	 	 	 	 	 	 	 	 	 	 	 	 	 	 	 	 	 	 	 	169
166	r68	r68	r68	 	 	 	 	 	 	 	 	 	 	 	 	 	 	 	 	 	 	 	r68	r68	 	 	r68	 	 	 	 	r68	r68	r68	r68	 	 	r68	 	r68	r68	r68	r68	r68	 	 	 	 	 	 	 	 	 	 	 	 	 	 	 	 	 	 	 	 	 	 	 	 	 	 	 	 	 
167	 	 	 	 	 	 	 	 	 	 	 	 	 	 	 	 	 	 	 	 	 	 	 	 	 	 	s170	 	 	 	 	 	 	 	 	 	 	 	 	 	 	 	 	 	 	 	 	 	 	 	 	 	 	 	 	 	 	 	 	 	 	 	 	 	 	 	 	 	 	 	 	 	 
168	s19	s20	s21	 	 	 	 	 	 	 	 	 	 	 	 	 	 	 	 	 	 	 	s54	s55	 	 	 	 	 	 	 	s64	s65	s66	s58	 	 	s59	 	s60	s61	s62	s63	s67	 	 	 	53	16	17	18	 	 	 	 	 	171	43	44	 	45	46	47	 	56	48	 	49	50	51	52	57	 
169	 	 	 	 	 	 	 	 	 	 	 	 	 	 	 	 	 	 	 	 	 	 	 	 	 	s172	 	 	 	 	 	 	 	 	 	 	 	 	 	 	 	 	 	 	 	 	 	 	 	 	 	 	 	 	 	 	 	 	 	 	 	 	 	 	 	 	 	 	 	 	 	 	 
170	r62	r62	r62	 	 	 	 	 	 	 	 	 	 	 	 	 	 	 	 	 	 	 	r62	r62	 	 	r62	 	 	 	 	r62	r62	r62	r62	 	 	r62	 	r62	r62	r62	r62	r62	 	 	 	 	 	 	 	 	 	 	 	 	 	 	 	 	 	 	 	 	 	 	 	 	 	 	 	 	 
171	 	 	 	 	 	 	 	 	 	 	 	 	 	 	 	 	 	 	 	 	 	 	 	 	 	 	s173	 	 	 	 	 	 	 	 	 	 	 	 	 	 	 	 	 	 	 	 	 	 	 	 	 	 	 	 	 	 	 	 	 	 	 	 	 	 	 	 	 	 	 	 	 	 
172	 	 	 	 	 	 	 	 	 	 	 	 	 	 	 	 	 	 	 	 	 	 	 	 	 	 	 	 	 	 	s31	 	 	 	 	 	 	 	s32	 	 	 	 	 	 	 	 	 	 	 	 	 	 	 	 	 	 	 	 	 	 	 	 	 	 	 	 	 	 	 	 	 	174
173	r64	r64	r64	 	 	 	 	 	 	 	 	 	 	 	 	 	 	 	 	 	 	 	r64	r64	 	 	r64	 	 	 	 	r64	r64	r64	r64	 	 	r64	 	r64	r64	r64	r64	r64	 	 	 	 	 	 	 	 	 	 	 	 	 	 	 	 	 	 	 	 	 	 	 	 	 	 	 	 	 
174	s19	s20	s21	 	 	 	 	 	 	 	 	 	 	 	 	 	 	 	 	 	 	 	s54	s55	 	 	 	 	 	 	 	s64	s65	s66	s58	 	 	s59	 	s60	s61	s62	s63	s67	 	 	 	53	16	17	18	 	 	 	 	 	175	43	44	 	45	46	47	 	56	48	 	49	50	51	52	57	 
175	 	 	 	 	 	 	 	 	 	 	 	 	 	 	 	 	 	 	 	 	 	 	 	 	 	 	s176	 	 	 	 	 	 	 	 	 	 	 	 	 	 	 	 	 	 	 	 	 	 	 	 	 	 	 	 	 	 	 	 	 	 	 	 	 	 	 	 	 	 	 	 	 	 
176	r66	r66	r66	 	 	 	 	 	 	 	 	 	 	 	 	 	 	 	 	 	 	 	r66	r66	 	 	r66	 	 	 	 	r66	r66	r66	r66	r66	s152	r66	 	r66	r66	r66	r66	r66	 	 	 	 	 	 	 	 	 	 	 	 	 	 	 	 	 	 	 	 	 	 	177	 	 	 	 	 	 
177	r65	r65	r65	 	 	 	 	 	 	 	 	 	 	 	 	 	 	 	 	 	 	 	r65	r65	 	 	r65	 	 	 	 	r65	r65	r65	r65	r65	 	r65	 	r65	r65	r65	r65	r65	 	 	 	 	 	 	 	 	 	 	 	 	 	 	 	 	 	 	 	 	 	 	 	 	 	 	 	 	 